{
    "action": {
        "mean": [
            94.57371520996094,
            95.25252532958984,
            104.53071594238281,
            57.791255950927734,
            -54.3458366394043,
            23.897945404052734
        ],
        "std": [
            16.85411834716797,
            27.58999252319336,
            29.793941497802734,
            16.753890991210938,
            35.37184143066406,
            16.041561126708984
        ],
        "min": [
            38.84765625,
            43.330078125,
            20.91796875,
            -7.20703125,
            -137.98828125,
            -5.756013870239258
        ],
        "max": [
            161.455078125,
            189.66796875,
            174.990234375,
            112.236328125,
            62.75390625,
            58.67697525024414
        ],
        "q01": [
            52.646484375,
            51.943359375,
            45.287402343749996,
            15.64453125,
            -126.123046875,
            -2.92096209526062
        ],
        "q99": [
            135.966796875,
            177.626953125,
            168.22265625,
            93.66767578124995,
            42.643652343749885,
            52.40549850463867
        ]
    },
    "observation.state": {
        "mean": [
            94.10661315917969,
            93.80464935302734,
            104.91960906982422,
            57.34180450439453,
            -53.90055465698242,
            24.326099395751953
        ],
        "std": [
            16.860620498657227,
            27.817033767700195,
            29.3829345703125,
            16.53359031677246,
            35.19451141357422,
            14.310999870300293
        ],
        "min": [
            38.056640625,
            42.802734375,
            22.412109375,
            -5.185546875,
            -137.021484375,
            -2.575488567352295
        ],
        "max": [
            160.927734375,
            189.228515625,
            173.583984375,
            110.478515625,
            61.435546875,
            57.46003723144531
        ],
        "q01": [
            52.20703125,
            50.44921875,
            45.5748046875,
            15.8203125,
            -125.5078125,
            -0.7104795575141907
        ],
        "q99": [
            135.52734375,
            176.572265625,
            168.134765625,
            92.4609375,
            41.91679687499985,
            51.6873893737793
        ]
    },
    "timestamp": {
        "mean": [
            14.329242706298828
        ],
        "std": [
            9.016373634338379
        ],
        "min": [
            0.0
        ],
        "max": [
            41.36666488647461
        ],
        "q01": [
            0.2666666805744171
        ],
        "q99": [
            34.93333435058594
        ]
    },
    "frame_index": {
        "mean": [
            429.8772888183594
        ],
        "std": [
            270.4912109375
        ],
        "min": [
            0.0
        ],
        "max": [
            1241.0
        ],
        "q01": [
            8.0
        ],
        "q99": [
            1048.0
        ]
    },
    "episode_index": {
        "mean": [
            17.609661102294922
        ],
        "std": [
            11.635552406311035
        ],
        "min": [
            0.0
        ],
        "max": [
            39.0
        ],
        "q01": [
            0.0
        ],
        "q99": [
            39.0
        ]
    },
    "index": {
        "mean": [
            16313.5
        ],
        "std": [
            9418.892578125
        ],
        "min": [
            0.0
        ],
        "max": [
            32627.0
        ],
        "q01": [
            326.27
        ],
        "q99": [
            32300.73
        ]
    },
    "task_index": {
        "mean": [
            0.0
        ],
        "std": [
            0.0
        ],
        "min": [
            0.0
        ],
        "max": [
            0.0
        ],
        "q01": [
            0.0
        ],
        "q99": [
            0.0
        ]
    }
}