{
    "observation.state": {
        "mean": [
            0.0,
            0.00019999999494757503,
            -0.0003000000142492354,
            -0.0003000000142492354,
            0.0,
            0.0
        ],
        "std": [
            0.0,
            0.0,
            0.0,
            0.0,
            0.0,
            0.0
        ],
        "min": [
            0.0,
            0.00019999999494757503,
            -0.0003000000142492354,
            -0.0003000000142492354,
            0.0,
            0.0
        ],
        "max": [
            0.0,
            0.00019999999494757503,
            -0.0003000000142492354,
            -0.0003000000142492354,
            0.0,
            0.0
        ],
        "q01": [
            0.0,
            0.00019999999494757503,
            -0.0003000000142492354,
            -0.0003000000142492354,
            0.0,
            0.0
        ],
        "q99": [
            0.0,
            0.00019999999494757503,
            -0.0003000000142492354,
            -0.0003000000142492354,
            0.0,
            0.0
        ]
    },
    "action": {
        "mean": [],
        "std": [],
        "min": [],
        "max": [],
        "q01": [],
        "q99": []
    },
    "timestamp": {
        "mean": 1744824704.0,
        "std": 0.0,
        "min": 1744824704.0,
        "max": 1744824704.0,
        "q01": 1744824704.0,
        "q99": 1744824704.0
    },
    "frame_index": {
        "mean": 250.5,
        "std": 144.91463004127638,
        "min": 0.0,
        "max": 501.0,
        "q01": 5.01,
        "q99": 495.99
    },
    "episode_index": {
        "mean": 0.0,
        "std": 0.0,
        "min": 0.0,
        "max": 0.0,
        "q01": 0.0,
        "q99": 0.0
    },
    "index": {
        "mean": 250.5,
        "std": 144.91463004127638,
        "min": 0.0,
        "max": 501.0,
        "q01": 5.01,
        "q99": 495.99
    },
    "task_index": {
        "mean": 0.0,
        "std": 0.0,
        "min": 0.0,
        "max": 0.0,
        "q01": 0.0,
        "q99": 0.0
    }
}