{
    "observation.state": {
        "mean": [
            0.0,
            0.0003000000142492354,
            -0.00039999998989515007,
            -0.0003000000142492354,
            0.0,
            0.0
        ],
        "std": [
            0.0,
            0.0,
            0.0,
            0.0,
            0.0,
            0.0
        ],
        "min": [
            0.0,
            0.0003000000142492354,
            -0.00039999998989515007,
            -0.0003000000142492354,
            0.0,
            0.0
        ],
        "max": [
            0.0,
            0.0003000000142492354,
            -0.00039999998989515007,
            -0.0003000000142492354,
            0.0,
            0.0
        ],
        "q01": [
            0.0,
            0.0003000000142492354,
            -0.00039999998989515007,
            -0.0003000000142492354,
            0.0,
            0.0
        ],
        "q99": [
            0.0,
            0.0003000000142492354,
            -0.00039999998989515007,
            -0.0003000000142492354,
            0.0,
            0.0
        ]
    },
    "action": {
        "mean": [
            0.0,
            0.00029930717356967595,
            -0.0003990762023896185,
            -0.00029930717356967595,
            0.0,
            0.0
        ],
        "std": [
            0.0,
            1.4400423102569793e-05,
            1.9200562739735164e-05,
            1.4400423102569793e-05,
            0.0,
            0.0
        ],
        "min": [
            0.0,
            0.0,
            -0.00039999998989515007,
            -0.0003000000142492354,
            0.0,
            0.0
        ],
        "max": [
            0.0,
            0.0003000000142492354,
            0.0,
            0.0,
            0.0,
            0.0
        ],
        "q01": [
            0.0,
            0.0003000000142492354,
            -0.00039999998989515007,
            -0.0003000000142492354,
            0.0,
            0.0
        ],
        "q99": [
            0.0,
            0.0003000000142492354,
            -0.00039999998989515007,
            -0.0003000000142492354,
            0.0,
            0.0
        ]
    },
    "timestamp": {
        "mean": 1744972416.0,
        "std": 0.0,
        "min": 1744972416.0,
        "max": 1744972416.0,
        "q01": 1744972416.0,
        "q99": 1744972416.0
    },
    "frame_index": {
        "mean": 216.0,
        "std": 124.99599993599796,
        "min": 0.0,
        "max": 432.0,
        "q01": 4.32,
        "q99": 427.68
    },
    "episode_index": {
        "mean": 0.0,
        "std": 0.0,
        "min": 0.0,
        "max": 0.0,
        "q01": 0.0,
        "q99": 0.0
    },
    "index": {
        "mean": 216.0,
        "std": 124.99599993599796,
        "min": 0.0,
        "max": 432.0,
        "q01": 4.32,
        "q99": 427.68
    },
    "task_index": {
        "mean": 0.0,
        "std": 0.0,
        "min": 0.0,
        "max": 0.0,
        "q01": 0.0,
        "q99": 0.0
    }
}